Title,Link,UPC,Product Type,Price (incl. tax),Availability
A Light in the Attic,https://books.toscrape.com/catalogue/a-light-in-the-attic_1000/index.html,a897fe39b1053632,Books,51.77,In stock (22 available)
Tipping the Velvet,https://books.toscrape.com/catalogue/tipping-the-velvet_999/index.html,90fa61229261140a,Books,53.74,In stock (20 available)
Soumission,https://books.toscrape.com/catalogue/soumission_998/index.html,6957f44c3847a760,Books,50.1,In stock (20 available)
Sharp Objects,https://books.toscrape.com/catalogue/sharp-objects_997/index.html,e00eb4fd7b871a48,Books,47.82,In stock (20 available)
Sapiens: A Brief History of Humankind,https://books.toscrape.com/catalogue/sapiens-a-brief-history-of-humankind_996/index.html,4165285e1663650f,Books,54.23,In stock (20 available)
The Requiem Red,https://books.toscrape.com/catalogue/the-requiem-red_995/index.html,f77dbf2323deb740,Books,22.65,In stock (19 available)
The Dirty Little Secrets of Getting Your Dream Job,https://books.toscrape.com/catalogue/the-dirty-little-secrets-of-getting-your-dream-job_994/index.html,2597b5a345f45e1b,Books,33.34,In stock (19 available)
"The Coming Woman: A Novel Based on the Life of the Infamous Feminist, Victoria Woodhull",https://books.toscrape.com/catalogue/the-coming-woman-a-novel-based-on-the-life-of-the-infamous-feminist-victoria-woodhull_993/index.html,e72a5dfc7e9267b2,Books,17.93,In stock (19 available)
The Boys in the Boat: Nine Americans and Their Epic Quest for Gold at the 1936 Berlin Olympics,https://books.toscrape.com/catalogue/the-boys-in-the-boat-nine-americans-and-their-epic-quest-for-gold-at-the-1936-berlin-olympics_992/index.html,e10e1e165dc8be4a,Books,22.6,In stock (19 available)
The Black Maria,https://books.toscrape.com/catalogue/the-black-maria_991/index.html,1dfe412b8ac00530,Books,52.15,In stock (19 available)
"Starving Hearts (Triangular Trade Trilogy, #1)",https://books.toscrape.com/catalogue/starving-hearts-triangular-trade-trilogy-1_990/index.html,0312262ecafa5a40,Books,13.99,In stock (19 available)
Shakespeare's Sonnets,https://books.toscrape.com/catalogue/shakespeares-sonnets_989/index.html,30a7f60cd76ca58c,Books,20.66,In stock (19 available)
Set Me Free,https://books.toscrape.com/catalogue/set-me-free_988/index.html,ce6396b0f23f6ecc,Books,17.46,In stock (19 available)
Scott Pilgrim's Precious Little Life (Scott Pilgrim #1),https://books.toscrape.com/catalogue/scott-pilgrims-precious-little-life-scott-pilgrim-1_987/index.html,3b1c02bac2a429e6,Books,52.29,In stock (19 available)
Rip it Up and Start Again,https://books.toscrape.com/catalogue/rip-it-up-and-start-again_986/index.html,a34ba96d4081e6a4,Books,35.02,In stock (19 available)
"Our Band Could Be Your Life: Scenes from the American Indie Underground, 1981-1991",https://books.toscrape.com/catalogue/our-band-could-be-your-life-scenes-from-the-american-indie-underground-1981-1991_985/index.html,deda3e61b9514b83,Books,57.25,In stock (19 available)
Olio,https://books.toscrape.com/catalogue/olio_984/index.html,feb7cc7701ecf901,Books,23.88,In stock (19 available)
Mesaerion: The Best Science Fiction Stories 1800-1849,https://books.toscrape.com/catalogue/mesaerion-the-best-science-fiction-stories-1800-1849_983/index.html,e30f54cea9b38190,Books,37.59,In stock (19 available)
Libertarianism for Beginners,https://books.toscrape.com/catalogue/libertarianism-for-beginners_982/index.html,a18a4f574854aced,Books,51.33,In stock (19 available)
It's Only the Himalayas,https://books.toscrape.com/catalogue/its-only-the-himalayas_981/index.html,a22124811bfa8350,Books,45.17,In stock (19 available)
In Her Wake,https://books.toscrape.com/catalogue/in-her-wake_980/index.html,23356462d1320d61,Books,12.84,In stock (19 available)
How Music Works,https://books.toscrape.com/catalogue/how-music-works_979/index.html,327f68a59745c102,Books,37.32,In stock (19 available)
"Foolproof Preserving: A Guide to Small Batch Jams, Jellies, Pickles, Condiments, and More: A Foolproof Guide to Making Small Batch Jams, Jellies, Pickles, Condiments, and More",https://books.toscrape.com/catalogue/foolproof-preserving-a-guide-to-small-batch-jams-jellies-pickles-condiments-and-more-a-foolproof-guide-to-making-small-batch-jams-jellies-pickles-condiments-and-more_978/index.html,5674a18a29a43ced,Books,30.52,In stock (19 available)
Chase Me (Paris Nights #2),https://books.toscrape.com/catalogue/chase-me-paris-nights-2_977/index.html,c2e46a2ee3b4a322,Books,25.27,In stock (19 available)
Black Dust,https://books.toscrape.com/catalogue/black-dust_976/index.html,00bfed9e18bb36f3,Books,34.53,In stock (19 available)
Birdsong: A Story in Pictures,https://books.toscrape.com/catalogue/birdsong-a-story-in-pictures_975/index.html,9528d0948525bf5f,Books,54.64,In stock (19 available)
America's Cradle of Quarterbacks: Western Pennsylvania's Football Factory from Johnny Unitas to Joe Montana,https://books.toscrape.com/catalogue/americas-cradle-of-quarterbacks-western-pennsylvanias-football-factory-from-johnny-unitas-to-joe-montana_974/index.html,c7d160c2c0de586f,Books,22.5,In stock (19 available)
Aladdin and His Wonderful Lamp,https://books.toscrape.com/catalogue/aladdin-and-his-wonderful-lamp_973/index.html,904208d6aa64b655,Books,53.13,In stock (19 available)
Worlds Elsewhere: Journeys Around Shakespeareâs Globe,https://books.toscrape.com/catalogue/worlds-elsewhere-journeys-around-shakespeares-globe_972/index.html,4c28def39d850cdf,Books,40.3,In stock (18 available)
Wall and Piece,https://books.toscrape.com/catalogue/wall-and-piece_971/index.html,ccd9ffa25efabdea,Books,44.18,In stock (18 available)
The Four Agreements: A Practical Guide to Personal Freedom,https://books.toscrape.com/catalogue/the-four-agreements-a-practical-guide-to-personal-freedom_970/index.html,6258a1f6a6dcfe50,Books,17.66,In stock (18 available)
The Five Love Languages: How to Express Heartfelt Commitment to Your Mate,https://books.toscrape.com/catalogue/the-five-love-languages-how-to-express-heartfelt-commitment-to-your-mate_969/index.html,3c039985229453bf,Books,31.05,In stock (18 available)
The Elephant Tree,https://books.toscrape.com/catalogue/the-elephant-tree_968/index.html,5dada2b7be26bd03,Books,23.82,In stock (18 available)
The Bear and the Piano,https://books.toscrape.com/catalogue/the-bear-and-the-piano_967/index.html,9f6568e9c95f60b0,Books,36.89,In stock (18 available)
Sophie's World,https://books.toscrape.com/catalogue/sophies-world_966/index.html,6be3beb0793a53e7,Books,15.94,In stock (18 available)
Penny Maybe,https://books.toscrape.com/catalogue/penny-maybe_965/index.html,668fe56b17cfcd4f,Books,33.29,In stock (18 available)
Maude (1883-1993):She Grew Up with the country,https://books.toscrape.com/catalogue/maude-1883-1993she-grew-up-with-the-country_964/index.html,094b269567e1c300,Books,18.02,In stock (18 available)
"In a Dark, Dark Wood",https://books.toscrape.com/catalogue/in-a-dark-dark-wood_963/index.html,19ed25f4641d5efd,Books,19.63,In stock (18 available)
Behind Closed Doors,https://books.toscrape.com/catalogue/behind-closed-doors_962/index.html,be5cc846f45496fb,Books,52.22,In stock (18 available)
You can't bury them all: Poems,https://books.toscrape.com/catalogue/you-cant-bury-them-all-poems_961/index.html,55f9da0c5eea2e10,Books,33.63,In stock (17 available)
Slow States of Collapse: Poems,https://books.toscrape.com/catalogue/slow-states-of-collapse-poems_960/index.html,b4fd5943413e089a,Books,57.31,In stock (17 available)
Reasons to Stay Alive,https://books.toscrape.com/catalogue/reasons-to-stay-alive_959/index.html,c8f7f0cb1abb9cac,Books,26.41,In stock (17 available)
Private Paris (Private #10),https://books.toscrape.com/catalogue/private-paris-private-10_958/index.html,b12b89017878a60d,Books,47.61,In stock (17 available)
#HigherSelfie: Wake Up Your Life. Free Your Soul. Find Your Tribe.,https://books.toscrape.com/catalogue/higherselfie-wake-up-your-life-free-your-soul-find-your-tribe_957/index.html,c27f6e1f185b0383,Books,23.11,In stock (17 available)
Without Borders (Wanderlove #1),https://books.toscrape.com/catalogue/without-borders-wanderlove-1_956/index.html,acddfeab2a407640,Books,45.07,In stock (16 available)
When We Collided,https://books.toscrape.com/catalogue/when-we-collided_955/index.html,3ecb690d1542c568,Books,31.77,In stock (16 available)
"We Love You, Charlie Freeman",https://books.toscrape.com/catalogue/we-love-you-charlie-freeman_954/index.html,8d455c7539795d2a,Books,50.27,In stock (16 available)
Untitled Collection: Sabbath Poems 2014,https://books.toscrape.com/catalogue/untitled-collection-sabbath-poems-2014_953/index.html,657fe5ead67a7767,Books,14.27,In stock (16 available)
"Unseen City: The Majesty of Pigeons, the Discreet Charm of Snails & Other Wonders of the Urban Wilderness",https://books.toscrape.com/catalogue/unseen-city-the-majesty-of-pigeons-the-discreet-charm-of-snails-other-wonders-of-the-urban-wilderness_952/index.html,d170b5a0da46380e,Books,44.18,In stock (16 available)
Unicorn Tracks,https://books.toscrape.com/catalogue/unicorn-tracks_951/index.html,7ae099f3898e0209,Books,18.78,In stock (16 available)
"Unbound: How Eight Technologies Made Us Human, Transformed Society, and Brought Our World to the Brink",https://books.toscrape.com/catalogue/unbound-how-eight-technologies-made-us-human-transformed-society-and-brought-our-world-to-the-brink_950/index.html,9a9d6e9bc555731e,Books,25.52,In stock (16 available)
Tsubasa: WoRLD CHRoNiCLE 2 (Tsubasa WoRLD CHRoNiCLE #2),https://books.toscrape.com/catalogue/tsubasa-world-chronicle-2-tsubasa-world-chronicle-2_949/index.html,09555be379ad9253,Books,16.28,In stock (16 available)
Throwing Rocks at the Google Bus: How Growth Became the Enemy of Prosperity,https://books.toscrape.com/catalogue/throwing-rocks-at-the-google-bus-how-growth-became-the-enemy-of-prosperity_948/index.html,7858914fad68493c,Books,31.12,In stock (16 available)
This One Summer,https://books.toscrape.com/catalogue/this-one-summer_947/index.html,51653ef291ab7ddc,Books,19.49,In stock (16 available)
Thirst,https://books.toscrape.com/catalogue/thirst_946/index.html,709822d0b5bcb7f4,Books,17.27,In stock (16 available)
The Torch Is Passed: A Harding Family Story,https://books.toscrape.com/catalogue/the-torch-is-passed-a-harding-family-story_945/index.html,4eed62cf5f8d8edf,Books,19.09,In stock (16 available)
The Secret of Dreadwillow Carse,https://books.toscrape.com/catalogue/the-secret-of-dreadwillow-carse_944/index.html,b5ea0b5dabed25a8,Books,56.13,In stock (16 available)
"The Pioneer Woman Cooks: Dinnertime: Comfort Classics, Freezer Food, 16-Minute Meals, and Other Delicious Ways to Solve Supper!",https://books.toscrape.com/catalogue/the-pioneer-woman-cooks-dinnertime-comfort-classics-freezer-food-16-minute-meals-and-other-delicious-ways-to-solve-supper_943/index.html,142d767a56a9254d,Books,56.41,In stock (16 available)
The Past Never Ends,https://books.toscrape.com/catalogue/the-past-never-ends_942/index.html,5ee94540d0749ea0,Books,56.5,In stock (16 available)
The Natural History of Us (The Fine Art of Pretending #2),https://books.toscrape.com/catalogue/the-natural-history-of-us-the-fine-art-of-pretending-2_941/index.html,cedf82b5086e4691,Books,45.22,In stock (16 available)
The Nameless City (The Nameless City #1),https://books.toscrape.com/catalogue/the-nameless-city-the-nameless-city-1_940/index.html,7d385d34d12e60ff,Books,38.16,In stock (16 available)
The Murder That Never Was (Forensic Instincts #5),https://books.toscrape.com/catalogue/the-murder-that-never-was-forensic-instincts-5_939/index.html,d01ac97e2b8947c2,Books,54.11,In stock (16 available)
The Most Perfect Thing: Inside (and Outside) a Bird's Egg,https://books.toscrape.com/catalogue/the-most-perfect-thing-inside-and-outside-a-birds-egg_938/index.html,aadee1c326d286e3,Books,42.96,In stock (16 available)
"The Mindfulness and Acceptance Workbook for Anxiety: A Guide to Breaking Free from Anxiety, Phobias, and Worry Using Acceptance and Commitment Therapy",https://books.toscrape.com/catalogue/the-mindfulness-and-acceptance-workbook-for-anxiety-a-guide-to-breaking-free-from-anxiety-phobias-and-worry-using-acceptance-and-commitment-therapy_937/index.html,31075275518532d7,Books,23.89,In stock (16 available)
The Life-Changing Magic of Tidying Up: The Japanese Art of Decluttering and Organizing,https://books.toscrape.com/catalogue/the-life-changing-magic-of-tidying-up-the-japanese-art-of-decluttering-and-organizing_936/index.html,0da9aa9d24677fc0,Books,16.77,In stock (16 available)
"The Inefficiency Assassin: Time Management Tactics for Working Smarter, Not Longer",https://books.toscrape.com/catalogue/the-inefficiency-assassin-time-management-tactics-for-working-smarter-not-longer_935/index.html,8c9e6bf2467d740d,Books,20.59,In stock (16 available)
The Gutsy Girl: Escapades for Your Life of Epic Adventure,https://books.toscrape.com/catalogue/the-gutsy-girl-escapades-for-your-life-of-epic-adventure_934/index.html,acd86a5426e21ca0,Books,37.13,In stock (16 available)
The Electric Pencil: Drawings from Inside State Hospital No. 3,https://books.toscrape.com/catalogue/the-electric-pencil-drawings-from-inside-state-hospital-no-3_933/index.html,a30b270e25489e5c,Books,56.06,In stock (16 available)
The Death of Humanity: and the Case for Life,https://books.toscrape.com/catalogue/the-death-of-humanity-and-the-case-for-life_932/index.html,bd261725b99f5983,Books,58.11,In stock (16 available)
"The Bulletproof Diet: Lose up to a Pound a Day, Reclaim Energy and Focus, Upgrade Your Life",https://books.toscrape.com/catalogue/the-bulletproof-diet-lose-up-to-a-pound-a-day-reclaim-energy-and-focus-upgrade-your-life_931/index.html,43c6a960757cf559,Books,49.05,In stock (16 available)
The Art Forger,https://books.toscrape.com/catalogue/the-art-forger_930/index.html,80cfab6bcff3a244,Books,40.76,In stock (16 available)
The Age of Genius: The Seventeenth Century and the Birth of the Modern Mind,https://books.toscrape.com/catalogue/the-age-of-genius-the-seventeenth-century-and-the-birth-of-the-modern-mind_929/index.html,a3d2a4250807f1e9,Books,19.73,In stock (16 available)
The Activist's Tao Te Ching: Ancient Advice for a Modern Revolution,https://books.toscrape.com/catalogue/the-activists-tao-te-ching-ancient-advice-for-a-modern-revolution_928/index.html,7d6d2a6c0276f81b,Books,32.24,In stock (16 available)
Spark Joy: An Illustrated Master Class on the Art of Organizing and Tidying Up,https://books.toscrape.com/catalogue/spark-joy-an-illustrated-master-class-on-the-art-of-organizing-and-tidying-up_927/index.html,87b0615b6e1f4d7b,Books,41.83,In stock (16 available)
Soul Reader,https://books.toscrape.com/catalogue/soul-reader_926/index.html,e6af5bf1163c1151,Books,39.58,In stock (16 available)
Security,https://books.toscrape.com/catalogue/security_925/index.html,6f78a0d744c35456,Books,39.25,In stock (16 available)
"Saga, Volume 6 (Saga (Collected Editions) #6)",https://books.toscrape.com/catalogue/saga-volume-6-saga-collected-editions-6_924/index.html,c849f0b2f5d6a742,Books,25.02,In stock (16 available)
"Saga, Volume 5 (Saga (Collected Editions) #5)",https://books.toscrape.com/catalogue/saga-volume-5-saga-collected-editions-5_923/index.html,53a3d11bb568cc8b,Books,51.04,In stock (16 available)
Reskilling America: Learning to Labor in the Twenty-First Century,https://books.toscrape.com/catalogue/reskilling-america-learning-to-labor-in-the-twenty-first-century_922/index.html,d7310206583a54b6,Books,19.83,In stock (16 available)
"Rat Queens, Vol. 3: Demons (Rat Queens (Collected Editions) #11-15)",https://books.toscrape.com/catalogue/rat-queens-vol-3-demons-rat-queens-collected-editions-11-15_921/index.html,c82a3e358c773c73,Books,50.4,In stock (16 available)
"Princess Jellyfish 2-in-1 Omnibus, Vol. 01 (Princess Jellyfish 2-in-1 Omnibus #1)",https://books.toscrape.com/catalogue/princess-jellyfish-2-in-1-omnibus-vol-01-princess-jellyfish-2-in-1-omnibus-1_920/index.html,0fa6dceead7ce47a,Books,13.61,In stock (16 available)
Princess Between Worlds (Wide-Awake Princess #5),https://books.toscrape.com/catalogue/princess-between-worlds-wide-awake-princess-5_919/index.html,0e691eda369f4e09,Books,13.34,In stock (16 available)
"Pop Gun War, Volume 1: Gift",https://books.toscrape.com/catalogue/pop-gun-war-volume-1-gift_918/index.html,e80f8e518b300dfe,Books,18.97,In stock (16 available)
"Political Suicide: Missteps, Peccadilloes, Bad Calls, Backroom Hijinx, Sordid Pasts, Rotten Breaks, and Just Plain Dumb Mistakes in the Annals of American Politics",https://books.toscrape.com/catalogue/political-suicide-missteps-peccadilloes-bad-calls-backroom-hijinx-sordid-pasts-rotten-breaks-and-just-plain-dumb-mistakes-in-the-annals-of-american-politics_917/index.html,7392c0032f92d816,Books,36.28,In stock (16 available)
Patience,https://books.toscrape.com/catalogue/patience_916/index.html,9429b4d59c537af5,Books,10.16,In stock (16 available)
"Outcast, Vol. 1: A Darkness Surrounds Him (Outcast #1)",https://books.toscrape.com/catalogue/outcast-vol-1-a-darkness-surrounds-him-outcast-1_915/index.html,889139b8e9c4cb36,Books,15.44,In stock (16 available)
orange: The Complete Collection 1 (orange: The Complete Collection #1),https://books.toscrape.com/catalogue/orange-the-complete-collection-1-orange-the-complete-collection-1_914/index.html,11809b1d323b3057,Books,48.41,In stock (16 available)
Online Marketing for Busy Authors: A Step-By-Step Guide,https://books.toscrape.com/catalogue/online-marketing-for-busy-authors-a-step-by-step-guide_913/index.html,9ffa38d3b832433a,Books,46.35,In stock (16 available)
On a Midnight Clear,https://books.toscrape.com/catalogue/on-a-midnight-clear_912/index.html,b757c0c361e689ce,Books,14.07,In stock (16 available)
Obsidian (Lux #1),https://books.toscrape.com/catalogue/obsidian-lux-1_911/index.html,3c346ab1e76ae1f6,Books,14.86,In stock (16 available)
My Paris Kitchen: Recipes and Stories,https://books.toscrape.com/catalogue/my-paris-kitchen-recipes-and-stories_910/index.html,784bc2279baa878d,Books,33.37,In stock (16 available)
Masks and Shadows,https://books.toscrape.com/catalogue/masks-and-shadows_909/index.html,fa9610a50a1bf149,Books,56.4,In stock (16 available)
"Mama Tried: Traditional Italian Cooking for the Screwed, Crude, Vegan, and Tattooed",https://books.toscrape.com/catalogue/mama-tried-traditional-italian-cooking-for-the-screwed-crude-vegan-and-tattooed_908/index.html,72f9d5be3472d34e,Books,14.02,In stock (16 available)
"Lumberjanes, Vol. 2: Friendship to the Max (Lumberjanes #5-8)",https://books.toscrape.com/catalogue/lumberjanes-vol-2-friendship-to-the-max-lumberjanes-5-8_907/index.html,460089f796fb3f82,Books,46.91,In stock (16 available)
"Lumberjanes, Vol. 1: Beware the Kitten Holy (Lumberjanes #1-4)",https://books.toscrape.com/catalogue/lumberjanes-vol-1-beware-the-kitten-holy-lumberjanes-1-4_906/index.html,b6ee99bcf06fc91f,Books,45.61,In stock (16 available)
Lumberjanes Vol. 3: A Terrible Plan (Lumberjanes #9-12),https://books.toscrape.com/catalogue/lumberjanes-vol-3-a-terrible-plan-lumberjanes-9-12_905/index.html,57e5a4d515c8ce44,Books,19.92,In stock (16 available)
"Layered: Baking, Building, and Styling Spectacular Cakes",https://books.toscrape.com/catalogue/layered-baking-building-and-styling-spectacular-cakes_904/index.html,7b75cc7f223791f4,Books,40.11,In stock (16 available)
Judo: Seven Steps to Black Belt (an Introductory Guide for Beginners),https://books.toscrape.com/catalogue/judo-seven-steps-to-black-belt-an-introductory-guide-for-beginners_903/index.html,228f74b74f3a08ae,Books,53.9,In stock (16 available)
Join,https://books.toscrape.com/catalogue/join_902/index.html,18ad3ed896c7ce05,Books,35.67,In stock (16 available)
In the Country We Love: My Family Divided,https://books.toscrape.com/catalogue/in-the-country-we-love-my-family-divided_901/index.html,b136b1b180ca753a,Books,22.0,In stock (16 available)
Immunity: How Elie Metchnikoff Changed the Course of Modern Medicine,https://books.toscrape.com/catalogue/immunity-how-elie-metchnikoff-changed-the-course-of-modern-medicine_900/index.html,e4f74c16de34d440,Books,57.36,In stock (16 available)
"I Hate Fairyland, Vol. 1: Madly Ever After (I Hate Fairyland (Compilations) #1-5)",https://books.toscrape.com/catalogue/i-hate-fairyland-vol-1-madly-ever-after-i-hate-fairyland-compilations-1-5_899/index.html,8d4eefad7a2b3915,Books,29.17,In stock (16 available)
I am a Hero Omnibus Volume 1,https://books.toscrape.com/catalogue/i-am-a-hero-omnibus-volume-1_898/index.html,1c89ae5bb804e4de,Books,54.63,In stock (16 available)
How to Be Miserable: 40 Strategies You Already Use,https://books.toscrape.com/catalogue/how-to-be-miserable-40-strategies-you-already-use_897/index.html,a6f99b9e687f9d46,Books,46.03,In stock (16 available)
Her Backup Boyfriend (The Sorensen Family #1),https://books.toscrape.com/catalogue/her-backup-boyfriend-the-sorensen-family-1_896/index.html,2a97cffe61c3c4c7,Books,33.97,In stock (16 available)
"Giant Days, Vol. 2 (Giant Days #5-8)",https://books.toscrape.com/catalogue/giant-days-vol-2-giant-days-5-8_895/index.html,f2df3bb043a8abb0,Books,22.11,In stock (16 available)
Forever and Forever: The Courtship of Henry Longfellow and Fanny Appleton,https://books.toscrape.com/catalogue/forever-and-forever-the-courtship-of-henry-longfellow-and-fanny-appleton_894/index.html,9beb96a2300109d7,Books,29.69,In stock (16 available)
First and First (Five Boroughs #3),https://books.toscrape.com/catalogue/first-and-first-five-boroughs-3_893/index.html,9e28048cea8d41f7,Books,15.97,In stock (16 available)
Fifty Shades Darker (Fifty Shades #2),https://books.toscrape.com/catalogue/fifty-shades-darker-fifty-shades-2_892/index.html,7add3f8e49ec0826,Books,21.96,In stock (16 available)
Everydata: The Misinformation Hidden in the Little Data You Consume Every Day,https://books.toscrape.com/catalogue/everydata-the-misinformation-hidden-in-the-little-data-you-consume-every-day_891/index.html,311c0dd0e354a33e,Books,54.35,In stock (16 available)
"Don't Be a Jerk: And Other Practical Advice from Dogen, Japan's Greatest Zen Master",https://books.toscrape.com/catalogue/dont-be-a-jerk-and-other-practical-advice-from-dogen-japans-greatest-zen-master_890/index.html,fce19f9b4a943f22,Books,37.97,In stock (16 available)
Danganronpa Volume 1,https://books.toscrape.com/catalogue/danganronpa-volume-1_889/index.html,09b6cc87e62c2c58,Books,51.99,In stock (16 available)
Crown of Midnight (Throne of Glass #2),https://books.toscrape.com/catalogue/crown-of-midnight-throne-of-glass-2_888/index.html,7267864328ae8b9d,Books,43.29,In stock (16 available)
"Codename Baboushka, Volume 1: The Conclave of Death",https://books.toscrape.com/catalogue/codename-baboushka-volume-1-the-conclave-of-death_887/index.html,8754c83ab2a7ae71,Books,36.72,In stock (16 available)
Camp Midnight,https://books.toscrape.com/catalogue/camp-midnight_886/index.html,7b599c8bfcdd8d30,Books,17.08,In stock (16 available)
Call the Nurse: True Stories of a Country Nurse on a Scottish Isle,https://books.toscrape.com/catalogue/call-the-nurse-true-stories-of-a-country-nurse-on-a-scottish-isle_885/index.html,bee3672891cca906,Books,29.14,In stock (16 available)
Burning,https://books.toscrape.com/catalogue/burning_884/index.html,5ceb951f629700a2,Books,28.81,In stock (16 available)
Bossypants,https://books.toscrape.com/catalogue/bossypants_883/index.html,74baabfc8fd84b38,Books,49.46,In stock (16 available)
"Bitch Planet, Vol. 1: Extraordinary Machine (Bitch Planet (Collected Editions))",https://books.toscrape.com/catalogue/bitch-planet-vol-1-extraordinary-machine-bitch-planet-collected-editions_882/index.html,bdf415fd484ea8a7,Books,37.92,In stock (16 available)
"Avatar: The Last Airbender: Smoke and Shadow, Part 3 (Smoke and Shadow #3)",https://books.toscrape.com/catalogue/avatar-the-last-airbender-smoke-and-shadow-part-3-smoke-and-shadow-3_881/index.html,6d5300b2d8f37e07,Books,28.09,In stock (16 available)
Algorithms to Live By: The Computer Science of Human Decisions,https://books.toscrape.com/catalogue/algorithms-to-live-by-the-computer-science-of-human-decisions_880/index.html,38d45839cb1c83c1,Books,30.81,In stock (16 available)
A World of Flavor: Your Gluten Free Passport,https://books.toscrape.com/catalogue/a-world-of-flavor-your-gluten-free-passport_879/index.html,70ed59f194b3c556,Books,42.95,In stock (16 available)
"A Piece of Sky, a Grain of Rice: A Memoir in Four Meditations",https://books.toscrape.com/catalogue/a-piece-of-sky-a-grain-of-rice-a-memoir-in-four-meditations_878/index.html,8a380641491d43ed,Books,56.76,In stock (16 available)
A Murder in Time,https://books.toscrape.com/catalogue/a-murder-in-time_877/index.html,f733e8c19d40ec2e,Books,16.64,In stock (16 available)
A Flight of Arrows (The Pathfinders #2),https://books.toscrape.com/catalogue/a-flight-of-arrows-the-pathfinders-2_876/index.html,3a6fb983e2554023,Books,55.53,In stock (16 available)
A Fierce and Subtle Poison,https://books.toscrape.com/catalogue/a-fierce-and-subtle-poison_875/index.html,842790dfaa937484,Books,28.13,In stock (16 available)
A Court of Thorns and Roses (A Court of Thorns and Roses #1),https://books.toscrape.com/catalogue/a-court-of-thorns-and-roses-a-court-of-thorns-and-roses-1_874/index.html,01d2001ac1e6f8a3,Books,52.37,In stock (16 available)
(Un)Qualified: How God Uses Broken People to Do Big Things,https://books.toscrape.com/catalogue/unqualified-how-god-uses-broken-people-to-do-big-things_873/index.html,e4ac92d89b946781,Books,54.0,In stock (16 available)
You Are What You Love: The Spiritual Power of Habit,https://books.toscrape.com/catalogue/you-are-what-you-love-the-spiritual-power-of-habit_872/index.html,796c87ddbbaaf8c5,Books,21.87,In stock (15 available)
"William Shakespeare's Star Wars: Verily, A New Hope (William Shakespeare's Star Wars #4)",https://books.toscrape.com/catalogue/william-shakespeares-star-wars-verily-a-new-hope-william-shakespeares-star-wars-4_871/index.html,9270575728a13a61,Books,43.3,In stock (15 available)
Tuesday Nights in 1980,https://books.toscrape.com/catalogue/tuesday-nights-in-1980_870/index.html,b8736690cf263a3c,Books,21.04,In stock (15 available)
Tracing Numbers on a Train,https://books.toscrape.com/catalogue/tracing-numbers-on-a-train_869/index.html,d7d6d50c1e3d0b81,Books,41.6,In stock (15 available)
Throne of Glass (Throne of Glass #1),https://books.toscrape.com/catalogue/throne-of-glass-throne-of-glass-1_868/index.html,590a9cccf7db9f7d,Books,35.07,In stock (15 available)
Thomas Jefferson and the Tripoli Pirates: The Forgotten War That Changed American History,https://books.toscrape.com/catalogue/thomas-jefferson-and-the-tripoli-pirates-the-forgotten-war-that-changed-american-history_867/index.html,de3f25248ba0789f,Books,59.64,In stock (15 available)
Thirteen Reasons Why,https://books.toscrape.com/catalogue/thirteen-reasons-why_866/index.html,bc2a85fd35fdc7bd,Books,52.72,In stock (15 available)
The White Cat and the Monk: A Retelling of the Poem âPangur BÃ¡nâ,https://books.toscrape.com/catalogue/the-white-cat-and-the-monk-a-retelling-of-the-poem-pangur-ban_865/index.html,37c0cb19713d8dda,Books,58.08,In stock (15 available)
The Wedding Dress,https://books.toscrape.com/catalogue/the-wedding-dress_864/index.html,623e1a180426039b,Books,24.12,In stock (15 available)
The Vacationers,https://books.toscrape.com/catalogue/the-vacationers_863/index.html,fd3a622648667296,Books,42.15,In stock (15 available)
The Third Wave: An Entrepreneurâs Vision of the Future,https://books.toscrape.com/catalogue/the-third-wave-an-entrepreneurs-vision-of-the-future_862/index.html,3bebf34ee9330cbd,Books,12.61,In stock (15 available)
The Stranger,https://books.toscrape.com/catalogue/the-stranger_861/index.html,f5a92cff83897d48,Books,17.44,In stock (15 available)
The Shadow Hero (The Shadow Hero),https://books.toscrape.com/catalogue/the-shadow-hero-the-shadow-hero_860/index.html,d6361d16212664ed,Books,33.14,In stock (15 available)
The Secret (The Secret #1),https://books.toscrape.com/catalogue/the-secret-the-secret-1_859/index.html,961f18db4f138211,Books,27.37,In stock (15 available)
The Regional Office Is Under Attack!,https://books.toscrape.com/catalogue/the-regional-office-is-under-attack_858/index.html,0651062381f0636a,Books,51.36,In stock (15 available)
The Psychopath Test: A Journey Through the Madness Industry,https://books.toscrape.com/catalogue/the-psychopath-test-a-journey-through-the-madness-industry_857/index.html,e98a4efa85070c2f,Books,36.0,In stock (15 available)
The Project,https://books.toscrape.com/catalogue/the-project_856/index.html,790ef197c8f236f5,Books,10.65,In stock (15 available)
The Power of Now: A Guide to Spiritual Enlightenment,https://books.toscrape.com/catalogue/the-power-of-now-a-guide-to-spiritual-enlightenment_855/index.html,8ec14b1576cb7cb5,Books,43.54,In stock (15 available)
The Omnivore's Dilemma: A Natural History of Four Meals,https://books.toscrape.com/catalogue/the-omnivores-dilemma-a-natural-history-of-four-meals_854/index.html,209adad1015af86f,Books,38.21,In stock (15 available)
The Nerdy Nummies Cookbook: Sweet Treats for the Geek in All of Us,https://books.toscrape.com/catalogue/the-nerdy-nummies-cookbook-sweet-treats-for-the-geek-in-all-of-us_853/index.html,e4c7f3487d17fd42,Books,37.34,In stock (15 available)
The Murder of Roger Ackroyd (Hercule Poirot #4),https://books.toscrape.com/catalogue/the-murder-of-roger-ackroyd-hercule-poirot-4_852/index.html,c7b5183f4d1d4efe,Books,44.1,In stock (15 available)
The Mistake (Off-Campus #2),https://books.toscrape.com/catalogue/the-mistake-off-campus-2_851/index.html,99ff4cc6491e8f5c,Books,43.29,In stock (15 available)
The Matchmaker's Playbook (Wingmen Inc. #1),https://books.toscrape.com/catalogue/the-matchmakers-playbook-wingmen-inc-1_850/index.html,08db62f24627e71f,Books,55.85,In stock (15 available)
The Love and Lemons Cookbook: An Apple-to-Zucchini Celebration of Impromptu Cooking,https://books.toscrape.com/catalogue/the-love-and-lemons-cookbook-an-apple-to-zucchini-celebration-of-impromptu-cooking_849/index.html,e28e330cbdf01126,Books,37.6,In stock (15 available)
The Long Shadow of Small Ghosts: Murder and Memory in an American City,https://books.toscrape.com/catalogue/the-long-shadow-of-small-ghosts-murder-and-memory-in-an-american-city_848/index.html,abeafe151a587d3b,Books,10.97,In stock (15 available)
The Kite Runner,https://books.toscrape.com/catalogue/the-kite-runner_847/index.html,eac1a180047ad54e,Books,41.82,In stock (15 available)
The House by the Lake,https://books.toscrape.com/catalogue/the-house-by-the-lake_846/index.html,9287e238d7c3b06e,Books,36.95,In stock (15 available)
The Glittering Court (The Glittering Court #1),https://books.toscrape.com/catalogue/the-glittering-court-the-glittering-court-1_845/index.html,2dbb7ec08cdd7f3c,Books,44.28,In stock (15 available)
The Girl on the Train,https://books.toscrape.com/catalogue/the-girl-on-the-train_844/index.html,e956d67c9bcc5809,Books,55.02,In stock (15 available)
The Genius of Birds,https://books.toscrape.com/catalogue/the-genius-of-birds_843/index.html,42d0d7c92b75fc1c,Books,17.24,In stock (15 available)
The Emerald Mystery,https://books.toscrape.com/catalogue/the-emerald-mystery_842/index.html,d6670dfe3e7b42bd,Books,23.15,In stock (15 available)
The Cookies & Cups Cookbook: 125+ sweet & savory recipes reminding you to Always Eat Dessert First,https://books.toscrape.com/catalogue/the-cookies-cups-cookbook-125-sweet-savory-recipes-reminding-you-to-always-eat-dessert-first_841/index.html,96a38e7c813d8f1d,Books,41.25,In stock (15 available)
The Bridge to Consciousness: I'm Writing the Bridge Between Science and Our Old and New Beliefs.,https://books.toscrape.com/catalogue/the-bridge-to-consciousness-im-writing-the-bridge-between-science-and-our-old-and-new-beliefs_840/index.html,efc3768127714ec3,Books,32.0,In stock (15 available)
The Artist's Way: A Spiritual Path to Higher Creativity,https://books.toscrape.com/catalogue/the-artists-way-a-spiritual-path-to-higher-creativity_839/index.html,dd047728de72ad62,Books,38.49,In stock (15 available)
The Art of War,https://books.toscrape.com/catalogue/the-art-of-war_838/index.html,e7469e22b5bfb3e7,Books,33.34,In stock (15 available)
The Argonauts,https://books.toscrape.com/catalogue/the-argonauts_837/index.html,c99761a700ade23f,Books,10.93,In stock (15 available)
The 10% Entrepreneur: Live Your Startup Dream Without Quitting Your Day Job,https://books.toscrape.com/catalogue/the-10-entrepreneur-live-your-startup-dream-without-quitting-your-day-job_836/index.html,56e4f9eab2e8e674,Books,27.55,In stock (15 available)
Suddenly in Love (Lake Haven #1),https://books.toscrape.com/catalogue/suddenly-in-love-lake-haven-1_835/index.html,203b7f94b7d6115f,Books,55.99,In stock (15 available)
Something More Than This,https://books.toscrape.com/catalogue/something-more-than-this_834/index.html,ca71e72655bece85,Books,16.24,In stock (15 available)
Soft Apocalypse,https://books.toscrape.com/catalogue/soft-apocalypse_833/index.html,2a70769cdc6eb8b8,Books,26.12,In stock (15 available)
So You've Been Publicly Shamed,https://books.toscrape.com/catalogue/so-youve-been-publicly-shamed_832/index.html,1b33663ad7b95fd8,Books,12.23,In stock (15 available)
Shoe Dog: A Memoir by the Creator of NIKE,https://books.toscrape.com/catalogue/shoe-dog-a-memoir-by-the-creator-of-nike_831/index.html,0e0dcc3339602b28,Books,23.99,In stock (15 available)
"Shobu Samurai, Project Aryoku (#3)",https://books.toscrape.com/catalogue/shobu-samurai-project-aryoku-3_830/index.html,0c27e6c3744fc14b,Books,29.06,In stock (15 available)
Secrets and Lace (Fatal Hearts #1),https://books.toscrape.com/catalogue/secrets-and-lace-fatal-hearts-1_829/index.html,ad04ad9fc179fc5d,Books,20.27,In stock (15 available)
Scarlett Epstein Hates It Here,https://books.toscrape.com/catalogue/scarlett-epstein-hates-it-here_828/index.html,1c929cfd16b71907,Books,43.55,In stock (15 available)
Romero and Juliet: A Tragic Tale of Love and Zombies,https://books.toscrape.com/catalogue/romero-and-juliet-a-tragic-tale-of-love-and-zombies_827/index.html,e656e280bc8edd56,Books,36.94,In stock (15 available)
Redeeming Love,https://books.toscrape.com/catalogue/redeeming-love_826/index.html,b53db2271c9624f7,Books,20.47,In stock (15 available)
Poses for Artists Volume 1 - Dynamic and Sitting Poses: An Essential Reference for Figure Drawing and the Human Form,https://books.toscrape.com/catalogue/poses-for-artists-volume-1-dynamic-and-sitting-poses-an-essential-reference-for-figure-drawing-and-the-human-form_825/index.html,d9c643fa1fc57bdb,Books,41.06,In stock (15 available)
Poems That Make Grown Women Cry,https://books.toscrape.com/catalogue/poems-that-make-grown-women-cry_824/index.html,31001a1210623bd4,Books,14.19,In stock (15 available)
"Nightingale, Sing",https://books.toscrape.com/catalogue/nightingale-sing_823/index.html,50b8f80311b31ede,Books,38.28,In stock (15 available)
Night Sky with Exit Wounds,https://books.toscrape.com/catalogue/night-sky-with-exit-wounds_822/index.html,cfeb1e1e0e695b58,Books,41.05,In stock (15 available)
Mrs. Houdini,https://books.toscrape.com/catalogue/mrs-houdini_821/index.html,a40723994f715420,Books,30.25,In stock (15 available)
Modern Romance,https://books.toscrape.com/catalogue/modern-romance_820/index.html,caf4fe9311f1dc59,Books,28.26,In stock (15 available)
Miss Peregrineâs Home for Peculiar Children (Miss Peregrineâs Peculiar Children #1),https://books.toscrape.com/catalogue/miss-peregrines-home-for-peculiar-children-miss-peregrines-peculiar-children-1_819/index.html,af96613fdd793a3c,Books,10.76,In stock (15 available)
Louisa: The Extraordinary Life of Mrs. Adams,https://books.toscrape.com/catalogue/louisa-the-extraordinary-life-of-mrs-adams_818/index.html,d69dd8dac66f9f84,Books,16.85,In stock (15 available)
Little Red,https://books.toscrape.com/catalogue/little-red_817/index.html,4aa03792b50f0b22,Books,13.47,In stock (15 available)
Library of Souls (Miss Peregrineâs Peculiar Children #3),https://books.toscrape.com/catalogue/library-of-souls-miss-peregrines-peculiar-children-3_816/index.html,ba54932df84e8cea,Books,48.56,In stock (15 available)
Large Print Heart of the Pride,https://books.toscrape.com/catalogue/large-print-heart-of-the-pride_815/index.html,c1afd71fc86bf682,Books,19.15,In stock (15 available)
I Had a Nice Time And Other Lies...: How to find love & sh*t like that,https://books.toscrape.com/catalogue/i-had-a-nice-time-and-other-lies-how-to-find-love-sht-like-that_814/index.html,fd8585283fc7d2d7,Books,57.36,In stock (15 available)
Hollow City (Miss Peregrineâs Peculiar Children #2),https://books.toscrape.com/catalogue/hollow-city-miss-peregrines-peculiar-children-2_813/index.html,4ce91d31c1e57c33,Books,42.98,In stock (15 available)
Grumbles,https://books.toscrape.com/catalogue/grumbles_812/index.html,d163dd6c352fbcd2,Books,22.16,In stock (15 available)
Full Moon over Noahâs Ark: An Odyssey to Mount Ararat and Beyond,https://books.toscrape.com/catalogue/full-moon-over-noahs-ark-an-odyssey-to-mount-ararat-and-beyond_811/index.html,ce60436f52c5ee68,Books,49.43,In stock (15 available)
Frostbite (Vampire Academy #2),https://books.toscrape.com/catalogue/frostbite-vampire-academy-2_810/index.html,116a2fdc9a45bab0,Books,29.99,In stock (15 available)
Follow You Home,https://books.toscrape.com/catalogue/follow-you-home_809/index.html,8585760646e3aa2a,Books,21.36,In stock (15 available)
First Steps for New Christians (Print Edition),https://books.toscrape.com/catalogue/first-steps-for-new-christians-print-edition_808/index.html,2f88b08bf0a0e367,Books,29.0,In stock (15 available)
Finders Keepers (Bill Hodges Trilogy #2),https://books.toscrape.com/catalogue/finders-keepers-bill-hodges-trilogy-2_807/index.html,edb3097e71330040,Books,53.53,In stock (15 available)
"Fables, Vol. 1: Legends in Exile (Fables #1)",https://books.toscrape.com/catalogue/fables-vol-1-legends-in-exile-fables-1_806/index.html,65d034adf80834b7,Books,41.62,In stock (15 available)
Eureka Trivia 6.0,https://books.toscrape.com/catalogue/eureka-trivia-60_805/index.html,29c0025455f8c585,Books,54.59,In stock (15 available)
Drive: The Surprising Truth About What Motivates Us,https://books.toscrape.com/catalogue/drive-the-surprising-truth-about-what-motivates-us_804/index.html,6ffb36aaeff1c81e,Books,34.95,In stock (15 available)
Done Rubbed Out (Reightman & Bailey #1),https://books.toscrape.com/catalogue/done-rubbed-out-reightman-bailey-1_803/index.html,f6d967cdadc6fbd9,Books,37.72,In stock (15 available)
Doing It Over (Most Likely To #1),https://books.toscrape.com/catalogue/doing-it-over-most-likely-to-1_802/index.html,3a11bb962ff45b78,Books,35.61,In stock (15 available)
"Deliciously Ella Every Day: Quick and Easy Recipes for Gluten-Free Snacks, Packed Lunches, and Simple Meals",https://books.toscrape.com/catalogue/deliciously-ella-every-day-quick-and-easy-recipes-for-gluten-free-snacks-packed-lunches-and-simple-meals_801/index.html,46c1530d7546ea6d,Books,42.16,In stock (15 available)
Dark Notes,https://books.toscrape.com/catalogue/dark-notes_800/index.html,88c21fcd38e2486e,Books,19.19,In stock (15 available)
"Daring Greatly: How the Courage to Be Vulnerable Transforms the Way We Live, Love, Parent, and Lead",https://books.toscrape.com/catalogue/daring-greatly-how-the-courage-to-be-vulnerable-transforms-the-way-we-live-love-parent-and-lead_799/index.html,3b9a3b4624b7fd6d,Books,19.43,In stock (15 available)
Close to You,https://books.toscrape.com/catalogue/close-to-you_798/index.html,a57b1dcbd6849222,Books,49.46,In stock (15 available)
Chasing Heaven: What Dying Taught Me About Living,https://books.toscrape.com/catalogue/chasing-heaven-what-dying-taught-me-about-living_797/index.html,513271dadc1322ae,Books,37.8,In stock (15 available)
Big Magic: Creative Living Beyond Fear,https://books.toscrape.com/catalogue/big-magic-creative-living-beyond-fear_796/index.html,1f329c2e7d7de8bd,Books,30.8,In stock (15 available)
Becoming Wise: An Inquiry into the Mystery and Art of Living,https://books.toscrape.com/catalogue/becoming-wise-an-inquiry-into-the-mystery-and-art-of-living_795/index.html,919e7cb2269a25d2,Books,27.43,In stock (15 available)
Beauty Restored (Riley Family Legacy Novellas #3),https://books.toscrape.com/catalogue/beauty-restored-riley-family-legacy-novellas-3_794/index.html,3f69e667a67e54d9,Books,11.11,In stock (15 available)
Batman: The Long Halloween (Batman),https://books.toscrape.com/catalogue/batman-the-long-halloween-batman_793/index.html,7edc0527cf782e19,Books,36.5,In stock (15 available)
Batman: The Dark Knight Returns (Batman),https://books.toscrape.com/catalogue/batman-the-dark-knight-returns-batman_792/index.html,47271d8e08b5d31c,Books,15.38,In stock (15 available)
Ayumi's Violin,https://books.toscrape.com/catalogue/ayumis-violin_791/index.html,05f7c6d9a4e582d3,Books,15.48,In stock (15 available)
Anonymous,https://books.toscrape.com/catalogue/anonymous_790/index.html,d24b829be2ca81c4,Books,46.82,In stock (15 available)
Amy Meets the Saints and Sages,https://books.toscrape.com/catalogue/amy-meets-the-saints-and-sages_789/index.html,7ebfa6c1bee69e1e,Books,18.46,In stock (15 available)
Amid the Chaos,https://books.toscrape.com/catalogue/amid-the-chaos_788/index.html,bb8245f52c7cce8f,Books,36.58,In stock (15 available)
Amatus,https://books.toscrape.com/catalogue/amatus_787/index.html,ffd54178acc9a6a5,Books,50.54,In stock (15 available)
Agnostic: A Spirited Manifesto,https://books.toscrape.com/catalogue/agnostic-a-spirited-manifesto_786/index.html,d195e7f4ed697350,Books,12.51,In stock (15 available)
Zealot: The Life and Times of Jesus of Nazareth,https://books.toscrape.com/catalogue/zealot-the-life-and-times-of-jesus-of-nazareth_785/index.html,dd5bfa6cc2c0ecc3,Books,24.7,In stock (14 available)
You (You #1),https://books.toscrape.com/catalogue/you-you-1_784/index.html,024387ca4cafd5cc,Books,43.61,In stock (14 available)
"Wonder Woman: Earth One, Volume One (Wonder Woman: Earth One #1)",https://books.toscrape.com/catalogue/wonder-woman-earth-one-volume-one-wonder-woman-earth-one-1_783/index.html,047097293bb4d1c0,Books,37.34,In stock (14 available)
Wild Swans,https://books.toscrape.com/catalogue/wild-swans_782/index.html,3fb15ace50d6142b,Books,14.36,In stock (14 available)
Why the Right Went Wrong: Conservatism--From Goldwater to the Tea Party and Beyond,https://books.toscrape.com/catalogue/why-the-right-went-wrong-conservatism-from-goldwater-to-the-tea-party-and-beyond_781/index.html,2b5054a4192e9b06,Books,52.65,In stock (14 available)
Whole Lotta Creativity Going On: 60 Fun and Unusual Exercises to Awaken and Strengthen Your Creativity,https://books.toscrape.com/catalogue/whole-lotta-creativity-going-on-60-fun-and-unusual-exercises-to-awaken-and-strengthen-your-creativity_780/index.html,44a10f1ac8ce822e,Books,38.2,In stock (14 available)
What's It Like in Space?: Stories from Astronauts Who've Been There,https://books.toscrape.com/catalogue/whats-it-like-in-space-stories-from-astronauts-whove-been-there_779/index.html,6fd646a334e6e133,Books,19.6,In stock (14 available)
"We Are Robin, Vol. 1: The Vigilante Business (We Are Robin #1)",https://books.toscrape.com/catalogue/we-are-robin-vol-1-the-vigilante-business-we-are-robin-1_778/index.html,92275cedf6d8ee15,Books,53.9,In stock (14 available)
Walt Disney's Alice in Wonderland,https://books.toscrape.com/catalogue/walt-disneys-alice-in-wonderland_777/index.html,6a31307a81e8f3a8,Books,12.96,In stock (14 available)
V for Vendetta (V for Vendetta Complete),https://books.toscrape.com/catalogue/v-for-vendetta-v-for-vendetta-complete_776/index.html,4a1debca3135ff37,Books,37.1,In stock (14 available)
Until Friday Night (The Field Party #1),https://books.toscrape.com/catalogue/until-friday-night-the-field-party-1_775/index.html,aba2db9afb1469c7,Books,46.31,In stock (14 available)
"Unbroken: A World War II Story of Survival, Resilience, and Redemption",https://books.toscrape.com/catalogue/unbroken-a-world-war-ii-story-of-survival-resilience-and-redemption_774/index.html,76c84daa539426e2,Books,45.95,In stock (14 available)
Twenty Yawns,https://books.toscrape.com/catalogue/twenty-yawns_773/index.html,1d6443ffba9dfd80,Books,22.08,In stock (14 available)
Through the Woods,https://books.toscrape.com/catalogue/through-the-woods_772/index.html,6e44bcbeac7f4360,Books,25.38,In stock (14 available)
This Is Where It Ends,https://books.toscrape.com/catalogue/this-is-where-it-ends_771/index.html,f0f38174a7e689a3,Books,27.12,In stock (14 available)
The Year of Magical Thinking,https://books.toscrape.com/catalogue/the-year-of-magical-thinking_770/index.html,34c0d7c4ee5650af,Books,43.04,In stock (14 available)
The Wright Brothers,https://books.toscrape.com/catalogue/the-wright-brothers_769/index.html,08b2f71d93836313,Books,56.8,In stock (14 available)
The White Queen (The Cousins' War #1),https://books.toscrape.com/catalogue/the-white-queen-the-cousins-war-1_768/index.html,6875c5657661b2fb,Books,25.91,In stock (14 available)
The Wedding Pact (The O'Malleys #2),https://books.toscrape.com/catalogue/the-wedding-pact-the-omalleys-2_767/index.html,c5cb9f885d8b3621,Books,32.61,In stock (14 available)
The Time Keeper,https://books.toscrape.com/catalogue/the-time-keeper_766/index.html,e9906e2f0d189745,Books,27.88,In stock (14 available)
The Testament of Mary,https://books.toscrape.com/catalogue/the-testament-of-mary_765/index.html,081305e6df719dff,Books,52.67,In stock (14 available)
The Star-Touched Queen,https://books.toscrape.com/catalogue/the-star-touched-queen_764/index.html,1528279aec1f3dce,Books,46.02,In stock (14 available)
The Songs of the Gods,https://books.toscrape.com/catalogue/the-songs-of-the-gods_763/index.html,00c4543ec6bd25b4,Books,44.48,In stock (14 available)
The Song of Achilles,https://books.toscrape.com/catalogue/the-song-of-achilles_762/index.html,e88fb1c9397cfb27,Books,37.4,In stock (14 available)
The Rosie Project (Don Tillman #1),https://books.toscrape.com/catalogue/the-rosie-project-don-tillman-1_761/index.html,012094e90a4b908d,Books,54.04,In stock (14 available)
The Power of Habit: Why We Do What We Do in Life and Business,https://books.toscrape.com/catalogue/the-power-of-habit-why-we-do-what-we-do-in-life-and-business_760/index.html,6bdd909329435e80,Books,16.88,In stock (14 available)
The Marriage of Opposites,https://books.toscrape.com/catalogue/the-marriage-of-opposites_759/index.html,52cf2a5933ec5d8f,Books,28.08,In stock (14 available)
The Lucifer Effect: Understanding How Good People Turn Evil,https://books.toscrape.com/catalogue/the-lucifer-effect-understanding-how-good-people-turn-evil_758/index.html,4e812d32d64e2431,Books,10.4,In stock (14 available)
The Long Haul (Diary of a Wimpy Kid #9),https://books.toscrape.com/catalogue/the-long-haul-diary-of-a-wimpy-kid-9_757/index.html,f21effc079a2b38a,Books,44.07,In stock (14 available)
The Loney,https://books.toscrape.com/catalogue/the-loney_756/index.html,2d88a31f325dfd3b,Books,23.4,In stock (14 available)
The Literature Book (Big Ideas Simply Explained),https://books.toscrape.com/catalogue/the-literature-book-big-ideas-simply-explained_755/index.html,4881cc53f6c8892f,Books,17.43,In stock (14 available)
The Last Mile (Amos Decker #2),https://books.toscrape.com/catalogue/the-last-mile-amos-decker-2_754/index.html,3bc89353f7e3a3cc,Books,54.21,In stock (14 available)
The Immortal Life of Henrietta Lacks,https://books.toscrape.com/catalogue/the-immortal-life-of-henrietta-lacks_753/index.html,f72f61ad6a5f12ed,Books,40.67,In stock (14 available)
The Hidden Oracle (The Trials of Apollo #1),https://books.toscrape.com/catalogue/the-hidden-oracle-the-trials-of-apollo-1_752/index.html,992974ba6a0536ea,Books,52.26,In stock (14 available)
The Help Yourself Cookbook for Kids: 60 Easy Plant-Based Recipes Kids Can Make to Stay Healthy and Save the Earth,https://books.toscrape.com/catalogue/the-help-yourself-cookbook-for-kids-60-easy-plant-based-recipes-kids-can-make-to-stay-healthy-and-save-the-earth_751/index.html,ddc8340dabc8641b,Books,28.77,In stock (14 available)
The Guilty (Will Robie #4),https://books.toscrape.com/catalogue/the-guilty-will-robie-4_750/index.html,847935fc68707426,Books,13.82,In stock (14 available)
The First Hostage (J.B. Collins #2),https://books.toscrape.com/catalogue/the-first-hostage-jb-collins-2_749/index.html,a86972014275e072,Books,25.85,In stock (14 available)
The Dovekeepers,https://books.toscrape.com/catalogue/the-dovekeepers_748/index.html,3d76bc83c6b644c9,Books,48.78,In stock (14 available)
The Darkest Lie,https://books.toscrape.com/catalogue/the-darkest-lie_747/index.html,6edacfd1f8ebb9eb,Books,35.35,In stock (14 available)
The Bane Chronicles (The Bane Chronicles #1-11),https://books.toscrape.com/catalogue/the-bane-chronicles-the-bane-chronicles-1-11_746/index.html,dc6f688b82e42a5b,Books,44.73,In stock (14 available)
The Bad-Ass Librarians of Timbuktu: And Their Race to Save the Worldâs Most Precious Manuscripts,https://books.toscrape.com/catalogue/the-bad-ass-librarians-of-timbuktu-and-their-race-to-save-the-worlds-most-precious-manuscripts_745/index.html,923831a05c9f91f7,Books,15.77,In stock (14 available)
The 14th Colony (Cotton Malone #11),https://books.toscrape.com/catalogue/the-14th-colony-cotton-malone-11_744/index.html,1b8187fa4bf6ab05,Books,39.24,In stock (14 available)
That Darkness (Gardiner and Renner #1),https://books.toscrape.com/catalogue/that-darkness-gardiner-and-renner-1_743/index.html,0c7b9cf2b7662b65,Books,13.92,In stock (14 available)
Tastes Like Fear (DI Marnie Rome #3),https://books.toscrape.com/catalogue/tastes-like-fear-di-marnie-rome-3_742/index.html,2d1e337aaf341858,Books,10.69,In stock (14 available)
Take Me with You,https://books.toscrape.com/catalogue/take-me-with-you_741/index.html,2c04320e110a14a3,Books,45.21,In stock (14 available)
Swell: A Year of Waves,https://books.toscrape.com/catalogue/swell-a-year-of-waves_740/index.html,4c8b7540409da4ac,Books,45.58,In stock (14 available)
Superman Vol. 1: Before Truth (Superman by Gene Luen Yang #1),https://books.toscrape.com/catalogue/superman-vol-1-before-truth-superman-by-gene-luen-yang-1_739/index.html,ac8e3949d284e9a9,Books,11.89,In stock (14 available)
Still Life with Bread Crumbs,https://books.toscrape.com/catalogue/still-life-with-bread-crumbs_738/index.html,fe44cc816576c652,Books,26.41,In stock (14 available)
Steve Jobs,https://books.toscrape.com/catalogue/steve-jobs_737/index.html,95019eac1c0a052f,Books,39.5,In stock (14 available)
Sorting the Beef from the Bull: The Science of Food Fraud Forensics,https://books.toscrape.com/catalogue/sorting-the-beef-from-the-bull-the-science-of-food-fraud-forensics_736/index.html,3edcccc4f341fb1a,Books,44.74,In stock (14 available)
Someone Like You (The Harrisons #2),https://books.toscrape.com/catalogue/someone-like-you-the-harrisons-2_735/index.html,a278db6b2b09cf9f,Books,52.79,In stock (14 available)
"So Cute It Hurts!!, Vol. 6 (So Cute It Hurts!! #6)",https://books.toscrape.com/catalogue/so-cute-it-hurts-vol-6-so-cute-it-hurts-6_734/index.html,394f6d30cafc3edb,Books,35.43,In stock (14 available)
Shtum,https://books.toscrape.com/catalogue/shtum_733/index.html,830fb3967c74866d,Books,55.84,In stock (14 available)
See America: A Celebration of Our National Parks & Treasured Sites,https://books.toscrape.com/catalogue/see-america-a-celebration-of-our-national-parks-treasured-sites_732/index.html,f9705c362f070608,Books,48.87,In stock (14 available)
salt.,https://books.toscrape.com/catalogue/salt_731/index.html,86cbddb61ea78bb7,Books,46.78,In stock (14 available)
Robin War,https://books.toscrape.com/catalogue/robin-war_730/index.html,85b2176b3b194030,Books,47.82,In stock (14 available)
"Red Hood/Arsenal, Vol. 1: Open for Business (Red Hood/Arsenal #1)",https://books.toscrape.com/catalogue/red-hoodarsenal-vol-1-open-for-business-red-hoodarsenal-1_729/index.html,31e2e2d9cca3778f,Books,25.48,In stock (14 available)
Rain Fish,https://books.toscrape.com/catalogue/rain-fish_728/index.html,a6454e329f872b78,Books,23.57,In stock (14 available)
"Quarter Life Poetry: Poems for the Young, Broke and Hangry",https://books.toscrape.com/catalogue/quarter-life-poetry-poems-for-the-young-broke-and-hangry_727/index.html,aa35446aab16017f,Books,50.89,In stock (14 available)
Pet Sematary,https://books.toscrape.com/catalogue/pet-sematary_726/index.html,af58a74e4b2a23a0,Books,10.56,In stock (14 available)
"Overload: How to Unplug, Unwind, and Unleash Yourself from the Pressure of Stress",https://books.toscrape.com/catalogue/overload-how-to-unplug-unwind-and-unleash-yourself-from-the-pressure-of-stress_725/index.html,8ecf0356a3878811,Books,52.15,In stock (14 available)
Once Was a Time,https://books.toscrape.com/catalogue/once-was-a-time_724/index.html,e34efcc824685332,Books,18.28,In stock (14 available)
Old School (Diary of a Wimpy Kid #10),https://books.toscrape.com/catalogue/old-school-diary-of-a-wimpy-kid-10_723/index.html,02b74068fa98d8a4,Books,11.83,In stock (14 available)
No Dream Is Too High: Life Lessons From a Man Who Walked on the Moon,https://books.toscrape.com/catalogue/no-dream-is-too-high-life-lessons-from-a-man-who-walked-on-the-moon_722/index.html,132ec5e8c984adef,Books,21.95,In stock (14 available)
"Naruto (3-in-1 Edition), Vol. 14: Includes Vols. 40, 41 & 42 (Naruto: Omnibus #14)",https://books.toscrape.com/catalogue/naruto-3-in-1-edition-vol-14-includes-vols-40-41-42-naruto-omnibus-14_721/index.html,71e36f33981ddb74,Books,38.39,In stock (14 available)
My Name Is Lucy Barton,https://books.toscrape.com/catalogue/my-name-is-lucy-barton_720/index.html,727bf2b86b19ad88,Books,41.56,In stock (14 available)
My Mrs. Brown,https://books.toscrape.com/catalogue/my-mrs-brown_719/index.html,cc82685d9f49bc2c,Books,24.48,In stock (14 available)
My Kind of Crazy,https://books.toscrape.com/catalogue/my-kind-of-crazy_718/index.html,137b0b2775701e11,Books,40.36,In stock (14 available)
Mr. Mercedes (Bill Hodges Trilogy #1),https://books.toscrape.com/catalogue/mr-mercedes-bill-hodges-trilogy-1_717/index.html,caa2e5b3fb1b2d4c,Books,28.9,In stock (14 available)
More Than Music (Chasing the Dream #1),https://books.toscrape.com/catalogue/more-than-music-chasing-the-dream-1_716/index.html,47d47155e89c8be7,Books,37.61,In stock (14 available)
Made to Stick: Why Some Ideas Survive and Others Die,https://books.toscrape.com/catalogue/made-to-stick-why-some-ideas-survive-and-others-die_715/index.html,b96fc7a0ea7d4b45,Books,38.85,In stock (14 available)
Luis Paints the World,https://books.toscrape.com/catalogue/luis-paints-the-world_714/index.html,5b43cae640f2338a,Books,53.95,In stock (14 available)
Luckiest Girl Alive,https://books.toscrape.com/catalogue/luckiest-girl-alive_713/index.html,d512871626a5e588,Books,49.83,In stock (14 available)
Lowriders to the Center of the Earth (Lowriders in Space #2),https://books.toscrape.com/catalogue/lowriders-to-the-center-of-the-earth-lowriders-in-space-2_712/index.html,a10c7515834240f3,Books,51.51,In stock (14 available)
Love Is a Mix Tape (Music #1),https://books.toscrape.com/catalogue/love-is-a-mix-tape-music-1_711/index.html,adb5f51c2e2ab13f,Books,18.03,In stock (14 available)
Looking for Lovely: Collecting the Moments that Matter,https://books.toscrape.com/catalogue/looking-for-lovely-collecting-the-moments-that-matter_710/index.html,24af96df0bafb925,Books,29.14,In stock (14 available)
"Living Leadership by Insight: A Good Leader Achieves, a Great Leader Builds Monuments",https://books.toscrape.com/catalogue/living-leadership-by-insight-a-good-leader-achieves-a-great-leader-builds-monuments_709/index.html,17fb5a88180f9904,Books,46.91,In stock (14 available)
Let It Out: A Journey Through Journaling,https://books.toscrape.com/catalogue/let-it-out-a-journey-through-journaling_708/index.html,1174156c4a0eccaa,Books,26.79,In stock (14 available)
Lady Midnight (The Dark Artifices #1),https://books.toscrape.com/catalogue/lady-midnight-the-dark-artifices-1_707/index.html,708345c9897fd7c5,Books,16.28,In stock (14 available)
"It's All Easy: Healthy, Delicious Weeknight Meals in under 30 Minutes",https://books.toscrape.com/catalogue/its-all-easy-healthy-delicious-weeknight-meals-in-under-30-minutes_706/index.html,245e6bf08b8d2955,Books,19.55,In stock (14 available)
Island of Dragons (Unwanteds #7),https://books.toscrape.com/catalogue/island-of-dragons-unwanteds-7_705/index.html,2b52334fab158861,Books,29.65,In stock (14 available)
I Know What I'm Doing -- and Other Lies I Tell Myself: Dispatches from a Life Under Construction,https://books.toscrape.com/catalogue/i-know-what-im-doing-and-other-lies-i-tell-myself-dispatches-from-a-life-under-construction_704/index.html,b8a8ff84233f0570,Books,25.98,In stock (14 available)
I Am Pilgrim (Pilgrim #1),https://books.toscrape.com/catalogue/i-am-pilgrim-pilgrim-1_703/index.html,aeff7b87a8e83ebb,Books,10.6,In stock (14 available)
"Hyperbole and a Half: Unfortunate Situations, Flawed Coping Mechanisms, Mayhem, and Other Things That Happened",https://books.toscrape.com/catalogue/hyperbole-and-a-half-unfortunate-situations-flawed-coping-mechanisms-mayhem-and-other-things-that-happened_702/index.html,fbb21a2f71f4d981,Books,14.75,In stock (14 available)
"Hush, Hush (Hush, Hush #1)",https://books.toscrape.com/catalogue/hush-hush-hush-hush-1_701/index.html,6b6cd77fbc91b7a6,Books,47.02,In stock (14 available)
Hold Your Breath (Search and Rescue #1),https://books.toscrape.com/catalogue/hold-your-breath-search-and-rescue-1_700/index.html,0b165bd4b9f42fd5,Books,28.82,In stock (14 available)
Hamilton: The Revolution,https://books.toscrape.com/catalogue/hamilton-the-revolution_699/index.html,afa829857f82f99e,Books,58.79,In stock (14 available)
Greek Mythic History,https://books.toscrape.com/catalogue/greek-mythic-history_698/index.html,f201f263d8c23f97,Books,10.23,In stock (14 available)
God: The Most Unpleasant Character in All Fiction,https://books.toscrape.com/catalogue/god-the-most-unpleasant-character-in-all-fiction_697/index.html,eec424a84c9e4c68,Books,30.03,In stock (14 available)
Glory over Everything: Beyond The Kitchen House,https://books.toscrape.com/catalogue/glory-over-everything-beyond-the-kitchen-house_696/index.html,de4b403cb629a29f,Books,45.84,In stock (14 available)
Feathers: Displays of Brilliant Plumage,https://books.toscrape.com/catalogue/feathers-displays-of-brilliant-plumage_695/index.html,9194ae88379dbf1a,Books,49.05,In stock (14 available)
"Far & Away: Places on the Brink of Change: Seven Continents, Twenty-Five Years",https://books.toscrape.com/catalogue/far-away-places-on-the-brink-of-change-seven-continents-twenty-five-years_694/index.html,ac4dde0d1be05de0,Books,15.06,In stock (14 available)
Every Last Word,https://books.toscrape.com/catalogue/every-last-word_693/index.html,a2bd4ca82d908442,Books,46.47,In stock (14 available)
Eligible (The Austen Project #4),https://books.toscrape.com/catalogue/eligible-the-austen-project-4_692/index.html,9eaf58b03a2779cc,Books,27.09,In stock (14 available)
El Deafo,https://books.toscrape.com/catalogue/el-deafo_691/index.html,27c5968fe43cc06e,Books,57.62,In stock (14 available)
Eight Hundred Grapes,https://books.toscrape.com/catalogue/eight-hundred-grapes_690/index.html,1d6dd0c87d90fe92,Books,14.39,In stock (14 available)
"Eaternity: More than 150 Deliciously Easy Vegan Recipes for a Long, Healthy, Satisfied, Joyful Life",https://books.toscrape.com/catalogue/eaternity-more-than-150-deliciously-easy-vegan-recipes-for-a-long-healthy-satisfied-joyful-life_689/index.html,a01f6d368ef64dc5,Books,51.75,In stock (14 available)
"Eat Fat, Get Thin",https://books.toscrape.com/catalogue/eat-fat-get-thin_688/index.html,047dfa57ba0bf638,Books,54.07,In stock (14 available)
Don't Get Caught,https://books.toscrape.com/catalogue/dont-get-caught_687/index.html,ad2887ce04583910,Books,55.35,In stock (14 available)
Doctor Sleep (The Shining #2),https://books.toscrape.com/catalogue/doctor-sleep-the-shining-2_686/index.html,bf5de316a5e9a4ab,Books,40.12,In stock (14 available)
Demigods & Magicians: Percy and Annabeth Meet the Kanes (Percy Jackson & Kane Chronicles Crossover #1-3),https://books.toscrape.com/catalogue/demigods-magicians-percy-and-annabeth-meet-the-kanes-percy-jackson-kane-chronicles-crossover-1-3_685/index.html,3c6fe637a0180b01,Books,37.51,In stock (14 available)
Dear Mr. Knightley,https://books.toscrape.com/catalogue/dear-mr-knightley_684/index.html,94a958ea126cdcd5,Books,11.21,In stock (14 available)
Daily Fantasy Sports,https://books.toscrape.com/catalogue/daily-fantasy-sports_683/index.html,0e94a089328be4bc,Books,36.58,In stock (14 available)
Crazy Love: Overwhelmed by a Relentless God,https://books.toscrape.com/catalogue/crazy-love-overwhelmed-by-a-relentless-god_682/index.html,4b9d9cfe0f435788,Books,47.72,In stock (14 available)
Cometh the Hour (The Clifton Chronicles #6),https://books.toscrape.com/catalogue/cometh-the-hour-the-clifton-chronicles-6_681/index.html,28cf0d1c51b491e5,Books,25.01,In stock (14 available)
Code Name Verity (Code Name Verity #1),https://books.toscrape.com/catalogue/code-name-verity-code-name-verity-1_680/index.html,33a3e0e3ffde0dcd,Books,22.13,In stock (14 available)
Clockwork Angel (The Infernal Devices #1),https://books.toscrape.com/catalogue/clockwork-angel-the-infernal-devices-1_679/index.html,42b0c50fc44140ec,Books,44.14,In stock (14 available)
City of Glass (The Mortal Instruments #3),https://books.toscrape.com/catalogue/city-of-glass-the-mortal-instruments-3_678/index.html,966ebb738e0f9d9b,Books,56.02,In stock (14 available)
City of Fallen Angels (The Mortal Instruments #4),https://books.toscrape.com/catalogue/city-of-fallen-angels-the-mortal-instruments-4_677/index.html,1e264c677d4ee4ae,Books,11.23,In stock (14 available)
City of Bones (The Mortal Instruments #1),https://books.toscrape.com/catalogue/city-of-bones-the-mortal-instruments-1_676/index.html,5b987e54ee72525c,Books,43.28,In stock (14 available)
City of Ashes (The Mortal Instruments #2),https://books.toscrape.com/catalogue/city-of-ashes-the-mortal-instruments-2_675/index.html,8a6ec2761f91dad2,Books,47.27,In stock (14 available)
Cell,https://books.toscrape.com/catalogue/cell_674/index.html,bfbb54bc8cdeed2b,Books,20.29,In stock (14 available)
Catching Jordan (Hundred Oaks),https://books.toscrape.com/catalogue/catching-jordan-hundred-oaks_673/index.html,e2e7b683b4c15b7d,Books,50.83,In stock (14 available)
"Carry On, Warrior: Thoughts on Life Unarmed",https://books.toscrape.com/catalogue/carry-on-warrior-thoughts-on-life-unarmed_672/index.html,1b0fc9f777cad045,Books,31.85,In stock (14 available)
Carrie,https://books.toscrape.com/catalogue/carrie_671/index.html,5f22418922fa728b,Books,46.23,In stock (14 available)
Buying In: The Secret Dialogue Between What We Buy and Who We Are,https://books.toscrape.com/catalogue/buying-in-the-secret-dialogue-between-what-we-buy-and-who-we-are_670/index.html,16ef91b9d827859c,Books,37.8,In stock (14 available)
Brain on Fire: My Month of Madness,https://books.toscrape.com/catalogue/brain-on-fire-my-month-of-madness_669/index.html,a80f66b254fe9eb3,Books,49.32,In stock (14 available)
Batman: Europa,https://books.toscrape.com/catalogue/batman-europa_668/index.html,bf68dcb5fad3cc8c,Books,32.01,In stock (14 available)
Barefoot Contessa Back to Basics,https://books.toscrape.com/catalogue/barefoot-contessa-back-to-basics_667/index.html,999912e63a3262ae,Books,28.01,In stock (14 available)
Barefoot Contessa at Home: Everyday Recipes You'll Make Over and Over Again,https://books.toscrape.com/catalogue/barefoot-contessa-at-home-everyday-recipes-youll-make-over-and-over-again_666/index.html,0e0da9192a025efc,Books,50.62,In stock (14 available)
Balloon Animals,https://books.toscrape.com/catalogue/balloon-animals_665/index.html,9b65f676984c9f0c,Books,17.03,In stock (14 available)
Art Ops Vol. 1,https://books.toscrape.com/catalogue/art-ops-vol-1_664/index.html,ffdc825785c0ede8,Books,48.8,In stock (14 available)
Aristotle and Dante Discover the Secrets of the Universe (Aristotle and Dante Discover the Secrets of the Universe #1),https://books.toscrape.com/catalogue/aristotle-and-dante-discover-the-secrets-of-the-universe-aristotle-and-dante-discover-the-secrets-of-the-universe-1_663/index.html,41164b8ac02a2c42,Books,58.14,In stock (14 available)
Angels Walking (Angels Walking #1),https://books.toscrape.com/catalogue/angels-walking-angels-walking-1_662/index.html,1fbb5f786e53a0ce,Books,34.2,In stock (14 available)
Angels & Demons (Robert Langdon #1),https://books.toscrape.com/catalogue/angels-demons-robert-langdon-1_661/index.html,ad41c24ccac0c7ce,Books,51.48,In stock (14 available)
All the Light We Cannot See,https://books.toscrape.com/catalogue/all-the-light-we-cannot-see_660/index.html,39861fc1c0845d15,Books,29.87,In stock (14 available)
"Adulthood Is a Myth: A ""Sarah's Scribbles"" Collection",https://books.toscrape.com/catalogue/adulthood-is-a-myth-a-sarahs-scribbles-collection_659/index.html,5319169a72714c62,Books,10.9,In stock (14 available)
Abstract City,https://books.toscrape.com/catalogue/abstract-city_658/index.html,cf1aa2fc02a7d1e0,Books,56.37,In stock (14 available)
A Time of Torment (Charlie Parker #14),https://books.toscrape.com/catalogue/a-time-of-torment-charlie-parker-14_657/index.html,4416c474713ec1f5,Books,48.35,In stock (14 available)
A Study in Scarlet (Sherlock Holmes #1),https://books.toscrape.com/catalogue/a-study-in-scarlet-sherlock-holmes-1_656/index.html,63ee5bc46066a8a8,Books,16.73,In stock (14 available)
"A Series of Catastrophes and Miracles: A True Story of Love, Science, and Cancer",https://books.toscrape.com/catalogue/a-series-of-catastrophes-and-miracles-a-true-story-of-love-science-and-cancer_655/index.html,c1379d3744f1dd2c,Books,56.48,In stock (14 available)
A People's History of the United States,https://books.toscrape.com/catalogue/a-peoples-history-of-the-united-states_654/index.html,1ad06aed9349af46,Books,40.79,In stock (14 available)
A Man Called Ove,https://books.toscrape.com/catalogue/a-man-called-ove_653/index.html,8682c03de6a844ff,Books,39.72,In stock (14 available)
A Distant Mirror: The Calamitous 14th Century,https://books.toscrape.com/catalogue/a-distant-mirror-the-calamitous-14th-century_652/index.html,d5e0526e1ab682a3,Books,14.58,In stock (14 available)
A Brush of Wings (Angels Walking #3),https://books.toscrape.com/catalogue/a-brush-of-wings-angels-walking-3_651/index.html,01a177623cce9596,Books,55.51,In stock (14 available)
1491: New Revelations of the Americas Before Columbus,https://books.toscrape.com/catalogue/1491-new-revelations-of-the-americas-before-columbus_650/index.html,6e8e5626ac4d279e,Books,21.8,In stock (14 available)
"The Three Searches, Meaning, and the Story",https://books.toscrape.com/catalogue/the-three-searches-meaning-and-the-story_649/index.html,ac5e0d3938caf686,Books,13.33,In stock (13 available)
Searching for Meaning in Gailana,https://books.toscrape.com/catalogue/searching-for-meaning-in-gailana_648/index.html,2f0213137a80d485,Books,38.73,In stock (13 available)
Rook,https://books.toscrape.com/catalogue/rook_647/index.html,44d97b6707dae3f0,Books,37.86,In stock (13 available)
My Kitchen Year: 136 Recipes That Saved My Life,https://books.toscrape.com/catalogue/my-kitchen-year-136-recipes-that-saved-my-life_646/index.html,8bbd7df8a324f31d,Books,11.53,In stock (13 available)
13 Hours: The Inside Account of What Really Happened In Benghazi,https://books.toscrape.com/catalogue/13-hours-the-inside-account-of-what-really-happened-in-benghazi_645/index.html,4be9d1910f8a4e80,Books,27.06,In stock (13 available)
Will You Won't You Want Me?,https://books.toscrape.com/catalogue/will-you-wont-you-want-me_644/index.html,077b635ff2afc578,Books,13.86,In stock (12 available)
Tipping Point for Planet Earth: How Close Are We to the Edge?,https://books.toscrape.com/catalogue/tipping-point-for-planet-earth-how-close-are-we-to-the-edge_643/index.html,148715df5a02ea5e,Books,37.55,In stock (12 available)
The Star-Touched Queen,https://books.toscrape.com/catalogue/the-star-touched-queen_642/index.html,4a7a25be293ad678,Books,32.3,In stock (12 available)
The Silent Sister (Riley MacPherson #1),https://books.toscrape.com/catalogue/the-silent-sister-riley-macpherson-1_641/index.html,ce1ae197ada2aec4,Books,46.29,In stock (12 available)
The Midnight Watch: A Novel of the Titanic and the Californian,https://books.toscrape.com/catalogue/the-midnight-watch-a-novel-of-the-titanic-and-the-californian_640/index.html,14e44163678e24dc,Books,26.2,In stock (12 available)
The Lonely City: Adventures in the Art of Being Alone,https://books.toscrape.com/catalogue/the-lonely-city-adventures-in-the-art-of-being-alone_639/index.html,582a21a1dbbef3cf,Books,33.26,In stock (12 available)
The Gray Rhino: How to Recognize and Act on the Obvious Dangers We Ignore,https://books.toscrape.com/catalogue/the-gray-rhino-how-to-recognize-and-act-on-the-obvious-dangers-we-ignore_638/index.html,3063c7e95d0bf76f,Books,59.15,In stock (12 available)
The Golden Condom: And Other Essays on Love Lost and Found,https://books.toscrape.com/catalogue/the-golden-condom-and-other-essays-on-love-lost-and-found_637/index.html,235fa48eeed11d82,Books,39.43,In stock (12 available)
The Epidemic (The Program 0.6),https://books.toscrape.com/catalogue/the-epidemic-the-program-06_636/index.html,f732d7d18a91d2ba,Books,14.44,In stock (12 available)
The Dinner Party,https://books.toscrape.com/catalogue/the-dinner-party_635/index.html,c6ca293d4810e0d5,Books,56.54,In stock (12 available)
The Diary of a Young Girl,https://books.toscrape.com/catalogue/the-diary-of-a-young-girl_634/index.html,54fc03f1e1d355db,Books,59.9,In stock (12 available)
The Children,https://books.toscrape.com/catalogue/the-children_633/index.html,64fd010bf8d15096,Books,11.88,In stock (12 available)
Stars Above (The Lunar Chronicles #4.5),https://books.toscrape.com/catalogue/stars-above-the-lunar-chronicles-45_632/index.html,b63ea3f7a57ae099,Books,48.05,In stock (12 available)
Snatched: How A Drug Queen Went Undercover for the DEA and Was Kidnapped By Colombian Guerillas,https://books.toscrape.com/catalogue/snatched-how-a-drug-queen-went-undercover-for-the-dea-and-was-kidnapped-by-colombian-guerillas_631/index.html,f40fea200e0c644f,Books,21.21,In stock (12 available)
Raspberry Pi Electronics Projects for the Evil Genius,https://books.toscrape.com/catalogue/raspberry-pi-electronics-projects-for-the-evil-genius_630/index.html,ebf81a62e4798fd1,Books,49.67,In stock (12 available)
Quench Your Own Thirst: Business Lessons Learned Over a Beer or Two,https://books.toscrape.com/catalogue/quench-your-own-thirst-business-lessons-learned-over-a-beer-or-two_629/index.html,8976d9161c027142,Books,43.14,In stock (12 available)
Psycho: Sanitarium (Psycho #1.5),https://books.toscrape.com/catalogue/psycho-sanitarium-psycho-15_628/index.html,b8d7b3f5c7a95d65,Books,36.97,In stock (12 available)
Poisonous (Max Revere Novels #3),https://books.toscrape.com/catalogue/poisonous-max-revere-novels-3_627/index.html,abdd91e96515a617,Books,26.8,In stock (12 available)
One with You (Crossfire #5),https://books.toscrape.com/catalogue/one-with-you-crossfire-5_626/index.html,81ef44fcc5f454df,Books,15.71,In stock (12 available)
No Love Allowed (Dodge Cove #1),https://books.toscrape.com/catalogue/no-love-allowed-dodge-cove-1_625/index.html,db84624b151cbe06,Books,54.65,In stock (12 available)
Murder at the 42nd Street Library (Raymond Ambler #1),https://books.toscrape.com/catalogue/murder-at-the-42nd-street-library-raymond-ambler-1_624/index.html,e7fe3bf2768602cf,Books,54.36,In stock (12 available)
Most Wanted,https://books.toscrape.com/catalogue/most-wanted_623/index.html,c039f5aceb093537,Books,35.28,In stock (12 available)
"Love, Lies and Spies",https://books.toscrape.com/catalogue/love-lies-and-spies_622/index.html,9546d537fbf99eb6,Books,20.55,In stock (12 available)
How to Speak Golf: An Illustrated Guide to Links Lingo,https://books.toscrape.com/catalogue/how-to-speak-golf-an-illustrated-guide-to-links-lingo_621/index.html,b978c9852cde91bd,Books,58.32,In stock (12 available)
Hide Away (Eve Duncan #20),https://books.toscrape.com/catalogue/hide-away-eve-duncan-20_620/index.html,bddc6fd036eb6279,Books,11.84,In stock (12 available)
Furiously Happy: A Funny Book About Horrible Things,https://books.toscrape.com/catalogue/furiously-happy-a-funny-book-about-horrible-things_619/index.html,c6a29d6df8de968c,Books,41.46,In stock (12 available)
Everyday Italian: 125 Simple and Delicious Recipes,https://books.toscrape.com/catalogue/everyday-italian-125-simple-and-delicious-recipes_618/index.html,76319fe9d8b465a3,Books,20.1,In stock (12 available)
Equal Is Unfair: America's Misguided Fight Against Income Inequality,https://books.toscrape.com/catalogue/equal-is-unfair-americas-misguided-fight-against-income-inequality_617/index.html,3968e3fbf4695d7c,Books,56.86,In stock (12 available)
Eleanor & Park,https://books.toscrape.com/catalogue/eleanor-park_616/index.html,6983328f15506cb9,Books,56.51,In stock (12 available)
Dirty (Dive Bar #1),https://books.toscrape.com/catalogue/dirty-dive-bar-1_615/index.html,df7e628bad5782b4,Books,40.83,In stock (12 available)
Can You Keep a Secret? (Fear Street Relaunch #4),https://books.toscrape.com/catalogue/can-you-keep-a-secret-fear-street-relaunch-4_614/index.html,d069086944f2e330,Books,48.64,In stock (12 available)
Boar Island (Anna Pigeon #19),https://books.toscrape.com/catalogue/boar-island-anna-pigeon-19_613/index.html,49b24c6a41b82bd2,Books,59.48,In stock (12 available)
A Paris Apartment,https://books.toscrape.com/catalogue/a-paris-apartment_612/index.html,63343e287971bb0c,Books,39.01,In stock (12 available)
"A la Mode: 120 Recipes in 60 Pairings: Pies, Tarts, Cakes, Crisps, and More Topped with Ice Cream, Gelato, Frozen Custard, and More",https://books.toscrape.com/catalogue/a-la-mode-120-recipes-in-60-pairings-pies-tarts-cakes-crisps-and-more-topped-with-ice-cream-gelato-frozen-custard-and-more_611/index.html,a4eef523118805ef,Books,38.77,In stock (12 available)
Troublemaker: Surviving Hollywood and Scientology,https://books.toscrape.com/catalogue/troublemaker-surviving-hollywood-and-scientology_610/index.html,515cb8fcafb1ad98,Books,48.39,In stock (11 available)
The Widow,https://books.toscrape.com/catalogue/the-widow_609/index.html,6159d8b187831770,Books,27.26,In stock (11 available)
"The Sleep Revolution: Transforming Your Life, One Night at a Time",https://books.toscrape.com/catalogue/the-sleep-revolution-transforming-your-life-one-night-at-a-time_608/index.html,985991708c47003e,Books,11.68,In stock (11 available)
The Improbability of Love,https://books.toscrape.com/catalogue/the-improbability-of-love_607/index.html,437d8dea9272d0a9,Books,59.45,In stock (11 available)
The Art of Startup Fundraising,https://books.toscrape.com/catalogue/the-art-of-startup-fundraising_606/index.html,1c584f82a7a1c4f0,Books,21.0,In stock (11 available)
Take Me Home Tonight (Rock Star Romance #3),https://books.toscrape.com/catalogue/take-me-home-tonight-rock-star-romance-3_605/index.html,cf62fa272b5f0fa3,Books,53.98,In stock (11 available)
Sleeping Giants (Themis Files #1),https://books.toscrape.com/catalogue/sleeping-giants-themis-files-1_604/index.html,f435aa99d864077d,Books,48.74,In stock (11 available)
"Setting the World on Fire: The Brief, Astonishing Life of St. Catherine of Siena",https://books.toscrape.com/catalogue/setting-the-world-on-fire-the-brief-astonishing-life-of-st-catherine-of-siena_603/index.html,b06599b108e83f98,Books,21.15,In stock (11 available)
Playing with Fire,https://books.toscrape.com/catalogue/playing-with-fire_602/index.html,05a61a3bd8ca4149,Books,13.71,In stock (11 available)
Off the Hook (Fishing for Trouble #1),https://books.toscrape.com/catalogue/off-the-hook-fishing-for-trouble-1_601/index.html,b783ce08802cd1d1,Books,47.67,In stock (11 available)
Mothering Sunday,https://books.toscrape.com/catalogue/mothering-sunday_600/index.html,47e1b2d43f709995,Books,13.34,In stock (11 available)
"Mother, Can You Not?",https://books.toscrape.com/catalogue/mother-can-you-not_599/index.html,28b2df9fadc9f07e,Books,16.89,In stock (11 available)
M Train,https://books.toscrape.com/catalogue/m-train_598/index.html,5569c3fea112718e,Books,27.18,In stock (11 available)
Lilac Girls,https://books.toscrape.com/catalogue/lilac-girls_597/index.html,bade9943ee01b63f,Books,17.28,In stock (11 available)
Lies and Other Acts of Love,https://books.toscrape.com/catalogue/lies-and-other-acts-of-love_596/index.html,469508882dfc1991,Books,45.14,In stock (11 available)
Lab Girl,https://books.toscrape.com/catalogue/lab-girl_595/index.html,825d6c44da3ca5a6,Books,40.85,In stock (11 available)
Keep Me Posted,https://books.toscrape.com/catalogue/keep-me-posted_594/index.html,20dc4f1ac5d4fd9c,Books,20.46,In stock (11 available)
It Didn't Start with You: How Inherited Family Trauma Shapes Who We Are and How to End the Cycle,https://books.toscrape.com/catalogue/it-didnt-start-with-you-how-inherited-family-trauma-shapes-who-we-are-and-how-to-end-the-cycle_593/index.html,ce8666d9b42fc9a0,Books,56.27,In stock (11 available)
Grey (Fifty Shades #4),https://books.toscrape.com/catalogue/grey-fifty-shades-4_592/index.html,b5953ca1f8a0b8d7,Books,48.49,In stock (11 available)
"Exit, Pursued by a Bear",https://books.toscrape.com/catalogue/exit-pursued-by-a-bear_591/index.html,c65c25d990fc7025,Books,51.34,In stock (11 available)
Daredevils,https://books.toscrape.com/catalogue/daredevils_590/index.html,f608c903c451f387,Books,16.34,In stock (11 available)
Cravings: Recipes for What You Want to Eat,https://books.toscrape.com/catalogue/cravings-recipes-for-what-you-want-to-eat_589/index.html,2587c54f5530dafc,Books,20.5,In stock (11 available)
Born for This: How to Find the Work You Were Meant to Do,https://books.toscrape.com/catalogue/born-for-this-how-to-find-the-work-you-were-meant-to-do_588/index.html,816180220e8cb419,Books,21.59,In stock (11 available)
Arena,https://books.toscrape.com/catalogue/arena_587/index.html,2c34f9432069b52b,Books,21.36,In stock (11 available)
Adultery,https://books.toscrape.com/catalogue/adultery_586/index.html,bb967277222e689c,Books,20.88,In stock (11 available)
A Mother's Reckoning: Living in the Aftermath of Tragedy,https://books.toscrape.com/catalogue/a-mothers-reckoning-living-in-the-aftermath-of-tragedy_585/index.html,2b69dec0193511d9,Books,19.53,In stock (11 available)
A Gentleman's Position (Society of Gentlemen #3),https://books.toscrape.com/catalogue/a-gentlemans-position-society-of-gentlemen-3_584/index.html,40c4bf520c17de54,Books,14.75,In stock (11 available)
11/22/63,https://books.toscrape.com/catalogue/112263_583/index.html,a9d7b75461084a26,Books,48.48,In stock (11 available)
"10% Happier: How I Tamed the Voice in My Head, Reduced Stress Without Losing My Edge, and Found Self-Help That Actually Works",https://books.toscrape.com/catalogue/10-happier-how-i-tamed-the-voice-in-my-head-reduced-stress-without-losing-my-edge-and-found-self-help-that-actually-works_582/index.html,34669b2e9d407d3a,Books,24.57,In stock (10 available)
10-Day Green Smoothie Cleanse: Lose Up to 15 Pounds in 10 Days!,https://books.toscrape.com/catalogue/10-day-green-smoothie-cleanse-lose-up-to-15-pounds-in-10-days_581/index.html,96aa539bfd4c07e2,Books,49.71,In stock (10 available)
Without Shame,https://books.toscrape.com/catalogue/without-shame_580/index.html,ab60e6f5a63e1cfb,Books,48.27,In stock (9 available)
Watchmen,https://books.toscrape.com/catalogue/watchmen_579/index.html,d1848064c54e01c7,Books,58.05,In stock (9 available)
Unlimited Intuition Now,https://books.toscrape.com/catalogue/unlimited-intuition-now_578/index.html,4fd0a2a350f016e6,Books,58.87,In stock (9 available)
Underlying Notes,https://books.toscrape.com/catalogue/underlying-notes_577/index.html,0967effecd292a86,Books,11.82,In stock (9 available)
The Shack,https://books.toscrape.com/catalogue/the-shack_576/index.html,903a9f8090104c2c,Books,28.03,In stock (9 available)
The New Brand You: Your New Image Makes the Sale for You,https://books.toscrape.com/catalogue/the-new-brand-you-your-new-image-makes-the-sale-for-you_575/index.html,4b50fb1359ebf35d,Books,44.05,In stock (9 available)
"The Moosewood Cookbook: Recipes from Moosewood Restaurant, Ithaca, New York",https://books.toscrape.com/catalogue/the-moosewood-cookbook-recipes-from-moosewood-restaurant-ithaca-new-york_574/index.html,65cfc9f242c2984a,Books,12.34,In stock (9 available)
The Flowers Lied,https://books.toscrape.com/catalogue/the-flowers-lied_573/index.html,33396269bcce166f,Books,16.68,In stock (9 available)
"The Fabric of the Cosmos: Space, Time, and the Texture of Reality",https://books.toscrape.com/catalogue/the-fabric-of-the-cosmos-space-time-and-the-texture-of-reality_572/index.html,ca74f2e3c35a3e77,Books,55.91,In stock (9 available)
The Book of Mormon,https://books.toscrape.com/catalogue/the-book-of-mormon_571/index.html,3f25a2fedae191cc,Books,24.57,In stock (9 available)
The Art and Science of Low Carbohydrate Living,https://books.toscrape.com/catalogue/the-art-and-science-of-low-carbohydrate-living_570/index.html,f9c87ccb2bc4853b,Books,52.98,In stock (9 available)
The Alien Club,https://books.toscrape.com/catalogue/the-alien-club_569/index.html,e77594ece9b9d1fe,Books,54.4,In stock (9 available)
Suzie Snowflake: One beautiful flake (a self-esteem story),https://books.toscrape.com/catalogue/suzie-snowflake-one-beautiful-flake-a-self-esteem-story_568/index.html,0e095ed785af7e43,Books,54.81,In stock (9 available)
Nap-a-Roo,https://books.toscrape.com/catalogue/nap-a-roo_567/index.html,913e7109cec0cb4c,Books,25.08,In stock (9 available)
"NaNo What Now? Finding your editing process, revising your NaNoWriMo book and building a writing career through publishing and beyond",https://books.toscrape.com/catalogue/nano-what-now-finding-your-editing-process-revising-your-nanowrimo-book-and-building-a-writing-career-through-publishing-and-beyond_566/index.html,ee6c67859d70186b,Books,10.41,In stock (9 available)
Modern Day Fables,https://books.toscrape.com/catalogue/modern-day-fables_565/index.html,6baac632f7711e26,Books,47.44,In stock (9 available)
If I Gave You God's Phone Number....: Searching for Spirituality in America,https://books.toscrape.com/catalogue/if-i-gave-you-gods-phone-number-searching-for-spirituality-in-america_564/index.html,8fab4c4f6f82a4ce,Books,20.91,In stock (9 available)
